{"904907c4": {"skills": ["Java", "CSS", "Python", "HTML", "SQL", "JavaScript", "Git"], "courses": ["Advanced Java", "Responsive Web Design with CSS", "Python Data Structures and Algorithms"], "completed_courses": []}, "a3040501": {"skills": ["marketing", "communication"], "courses": ["Digital Marketing Fundamentals", "Project Management Principles", "Advanced Communication Strategies"], "completed_courses": []}, "729ec64d": {"skills": ["communication", "marketing"], "courses": ["Digital Marketing Fundamentals", "Project Management Principles", "Advanced Communication Skills"], "completed_courses": []}, "4b39e886": {"skills": ["communication", "marketing"], "courses": ["Digital Marketing Fundamentals", "Project Management Principles", "Advanced Communication Skills"], "completed_courses": []}, "7ffdde3c": {"skills": ["CSS", "Git", "Python", "JavaScript", "Java", "HTML", "SQL"], "courses": [], "completed_courses": []}, "63efae6c": {"skills": ["communication", "marketing"], "courses": ["Digital Marketing", "Project Management Fundamentals", "Communication Skills for Professionals"], "completed_courses": []}, "c3975601": {"skills": ["communication", "marketing"], "courses": ["Digital Marketing", "Project Management Fundamentals", "Communication and Presentation Skills"], "completed_courses": []}, "92ce6bfa": {"skills": ["SQL", "CSS", "JavaScript", "Java", "Git", "HTML", "Python"], "courses": [], "completed_courses": []}}